Source URL,Destination URL,Status Code,Notes
"https://blog.tradersyard.com/forex-vs-futures-prop-firms","https://tradersyard.com/blog/forex-vs-futures-prop-firms",301,"Forex vs Futures Prop Firms: Complete Comparison 2025"
"https://blog.tradersyard.com/fast-payout-prop-firms","https://tradersyard.com/blog/fast-payout-prop-firms",301,"Fast Payout Prop Firms: Quick Withdrawal Guide [2025]"
"https://blog.tradersyard.com/best-prop-firms-in-germany","https://tradersyard.com/blog/best-prop-firms-in-germany",301,"Best Prop Firms in Germany in 2026 | Traders Yard"
"https://blog.tradersyard.com/best-prop-firms-canada","https://tradersyard.com/blog/best-prop-firms-canada",301,"Best Prop Firms in Canada 2025 | Top 5 Compared"
"https://blog.tradersyard.com/best-prop-firms-australia","https://tradersyard.com/blog/best-prop-firms-australia",301,"Best Prop Firms in Australia 2025 | Top 5 Compared"
"https://blog.tradersyard.com/best-prop-firms-uae","https://tradersyard.com/blog/best-prop-firms-uae",301,"Best Prop Firms in UAE 2025 | Top 5 Compared"
"https://blog.tradersyard.com/best-prop-firms-indonesia","https://tradersyard.com/blog/best-prop-firms-indonesia",301,"Best Prop Firms in Indonesia 2025 | Top 5 Compared"
"https://blog.tradersyard.com/best-prop-firms-philippines","https://tradersyard.com/blog/best-prop-firms-philippines",301,"Best Prop Firms in Philippines 2025 | Top 5 Compared"
"https://blog.tradersyard.com/best-prop-firms-malaysia","https://tradersyard.com/blog/best-prop-firms-malaysia",301,"Best Prop Firms in Malaysia 2025 | Top 5 Compared"
"https://blog.tradersyard.com/best-prop-firms-pakistan","https://tradersyard.com/blog/best-prop-firms-pakistan",301,"Best Prop Firms in Pakistan 2025 | Top 5 Compared"
"https://blog.tradersyard.com/best-prop-firms-india","https://tradersyard.com/blog/best-prop-firms-india",301,"Best Prop Firms in India 2025 | Top 5 Compared"
"https://blog.tradersyard.com/best-prop-firms-tanzania","https://tradersyard.com/blog/best-prop-firms-tanzania",301,"Best Prop Firms in Tanzania 2025 | Top 5 Compared"
"https://blog.tradersyard.com/best-prop-firms-ghana","https://tradersyard.com/blog/best-prop-firms-ghana",301,"Best Prop Firms in Ghana 2025 | Top 5 Compared"
"https://blog.tradersyard.com/best-prop-firms-kenya","https://tradersyard.com/blog/best-prop-firms-kenya",301,"Best Prop Firms in Kenya 2025 | Top 5 Compared"
"https://blog.tradersyard.com/best-prop-firms-south-africa","https://tradersyard.com/blog/best-prop-firms-south-africa",301,"Best Prop Firms in South Africa 2025 | Top 5 Compared"
"https://blog.tradersyard.com/best-prop-firms-nigeria","https://tradersyard.com/blog/best-prop-firms-nigeria",301,"Best Prop Firms in Nigeria 2025 | Top 5 Compared"
"https://blog.tradersyard.com/best-prop-firms-poland","https://tradersyard.com/blog/best-prop-firms-poland",301,"Best Prop Firms in Poland 2025 | Traders Yard"
"https://blog.tradersyard.com/best-prop-firms-italy","https://tradersyard.com/blog/best-prop-firms-italy",301,"Best Prop Firms in Italy 2025 | Traders Yard"
"https://blog.tradersyard.com/best-prop-firms-usa","https://tradersyard.com/blog/best-prop-firms-usa",301,"Best Prop Firms in United States 2025 | Traders Yard"
"https://blog.tradersyard.com/leverage-prop-trading-key-rules","https://tradersyard.com/blog/leverage-prop-trading-key-rules",301,"Leverage in Prop Trading: Key Rules"
"https://blog.tradersyard.com/mental-resilience-importance-prop-trading","https://tradersyard.com/blog/mental-resilience-importance-prop-trading",301,"Why Mental Resilience Matters in Prop Trading"
"https://blog.tradersyard.com/fundamental-analysis-prop-trading","https://tradersyard.com/blog/fundamental-analysis-prop-trading",301,"Using Fundamental Analysis in Prop Trading"
"https://blog.tradersyard.com/regulatory-compliance-prop-trading-practices","https://tradersyard.com/blog/regulatory-compliance-prop-trading-practices",301,"Best Practices for Regulatory Compliance in Prop Trading"
"https://blog.tradersyard.com/volatility-impacts-prop-trading-evaluations","https://tradersyard.com/blog/volatility-impacts-prop-trading-evaluations",301,"How Volatility Impacts Prop Trading Evaluations"
"https://blog.tradersyard.com/set-stop-loss-levels-prop-trading","https://tradersyard.com/blog/set-stop-loss-levels-prop-trading",301,"How to Set Stop-Loss Levels in Prop Trading"
"https://blog.tradersyard.com/drawdown-control-guide-traders","https://tradersyard.com/blog/drawdown-control-guide-traders",301,"Ultimate Guide to Drawdown Control for Traders"
"https://blog.tradersyard.com/prop-traders-handle-market-shifts","https://tradersyard.com/blog/prop-traders-handle-market-shifts",301,"How Prop Traders Handle Market Shifts"
"https://blog.tradersyard.com/growth-mindset-prop-trading-matters","https://tradersyard.com/blog/growth-mindset-prop-trading-matters",301,"Growth Mindset in Prop Trading: Why It Matters"
"https://blog.tradersyard.com/prop-traders-build-consistency","https://tradersyard.com/blog/prop-traders-build-consistency",301,"How Prop Traders Build Consistency Over Time"
"https://blog.tradersyard.com/tools-prop-trading-analytics","https://tradersyard.com/blog/tools-prop-trading-analytics",301,"Best Tools for Prop Trading Analytics"
"https://blog.tradersyard.com/position-sizing-prop-traders-tips","https://tradersyard.com/blog/position-sizing-prop-traders-tips",301,"Position Sizing for Prop Traders: Key Tips"
"https://blog.tradersyard.com/scaling-prop-trading-accounts-checklist","https://tradersyard.com/blog/scaling-prop-trading-accounts-checklist",301,"Checklist for Scaling Prop Trading Accounts"
"https://blog.tradersyard.com/daily-loss-limits-vs-trailing-drawdowns","https://tradersyard.com/blog/daily-loss-limits-vs-trailing-drawdowns",301,"Daily Loss Limits vs. Trailing Drawdowns"
"https://blog.tradersyard.com/multi-timeframe-strategies-traders","https://tradersyard.com/blog/multi-timeframe-strategies-traders",301,"Top 5 Multi-Timeframe Strategies for Traders"
"https://blog.tradersyard.com/maximize-prop-trading-payouts","https://tradersyard.com/blog/maximize-prop-trading-payouts",301,"How to Maximize Prop Trading Payouts"
"https://blog.tradersyard.com/drawdown-profit-splits-guide","https://tradersyard.com/blog/drawdown-profit-splits-guide",301,"Ultimate Guide to Drawdown and Profit Splits"
"https://blog.tradersyard.com/trailing-vs-static-drawdowns-key-differences","https://tradersyard.com/blog/trailing-vs-static-drawdowns-key-differences",301,"Trailing vs. Static Drawdowns: Key Differences"
"https://blog.tradersyard.com/managing-risk-earnings-season","https://tradersyard.com/blog/managing-risk-earnings-season",301,"Case Study: Managing Risk During Earnings Season"
"https://blog.tradersyard.com/guide-prop-trading-profit-splits","https://tradersyard.com/blog/guide-prop-trading-profit-splits",301,"Ultimate Guide to Prop Trading Profit Splits"
"https://blog.tradersyard.com/best-prop-firms-netherlands","https://tradersyard.com/blog/best-prop-firms-netherlands",301,"Best Prop Firms in Netherlands 2025 | Traders Yard"
"https://blog.tradersyard.com/best-prop-firms-spain","https://tradersyard.com/blog/best-prop-firms-spain",301,"Best Prop Firms in Spain 2025 | Traders Yard"
"https://blog.tradersyard.com/best-prop-firms-france","https://tradersyard.com/blog/best-prop-firms-france",301,"Best Prop Firms in France 2025 | Traders Yard"
"https://blog.tradersyard.com/best-prop-firms-united-kingdom","https://tradersyard.com/blog/best-prop-firms-united-kingdom",301,"Best Prop Firms in United Kingdom 2025 "
"https://blog.tradersyard.com/scale-prop-trading-account-fast","https://tradersyard.com/blog/scale-prop-trading-account-fast",301,"5 Ways to Scale Your Prop Trading Account Fast"
"https://blog.tradersyard.com/manage-drawdown-prop-trading-accounts","https://tradersyard.com/blog/manage-drawdown-prop-trading-accounts",301,"How to Manage Drawdown in Prop Trading Accounts"
"https://blog.tradersyard.com/what-is-prop-trading-questions-answered","https://tradersyard.com/blog/what-is-prop-trading-questions-answered",301,"What Is Prop Trading? Common Questions Answered"
"https://blog.tradersyard.com/trading-performance-analyzer","https://tradersyard.com/blog/trading-performance-analyzer",301,"Trading Performance Analyzer"
"https://blog.tradersyard.com/trading-breakout-strategy-generator","https://tradersyard.com/blog/trading-breakout-strategy-generator",301,"Trading Breakout Strategy Generator"
"https://blog.tradersyard.com/risk-reward-ratio-calculator","https://tradersyard.com/blog/risk-reward-ratio-calculator",301,"Risk Reward Ratio Calculator"
"https://blog.tradersyard.com/trading-position-size-calculator","https://tradersyard.com/blog/trading-position-size-calculator",301,"Trading Position Size Calculator"
"https://blog.tradersyard.com/prop-trading-rules-checklist-success","https://tradersyard.com/blog/prop-trading-rules-checklist-success",301,"Prop Trading Rules: Complete Checklist for Success"
"https://blog.tradersyard.com/pip-value-converter","https://tradersyard.com/blog/pip-value-converter",301,"Pip Value Converter"
"https://blog.tradersyard.com/trading-journal-template","https://tradersyard.com/blog/trading-journal-template",301,"Trading Journal Template"
"https://blog.tradersyard.com/futures-trading-guide-beginners","https://tradersyard.com/blog/futures-trading-guide-beginners",301,"Complete Guide to Futures Trading for Beginners"
"https://blog.tradersyard.com/forex-lot-size-calculator","https://tradersyard.com/blog/forex-lot-size-calculator",301,"Forex Lot Size Calculator"
"https://blog.tradersyard.com/cfd-trading-step-by-step-guide","https://tradersyard.com/blog/cfd-trading-step-by-step-guide",301,"How to Start CFD Trading: Step-by-Step Guide"
"https://blog.tradersyard.com/prop-trading-vs-day-trading","https://tradersyard.com/blog/prop-trading-vs-day-trading",301,"Prop Trading vs Day Trading: Which Is Better?"
"https://blog.tradersyard.com/risk-management-calculator","https://tradersyard.com/blog/risk-management-calculator",301,"Risk Management Calculator"
"https://blog.tradersyard.com/falconx-otc-crypto-options-trading-platform","https://tradersyard.com/blog/falconx-otc-crypto-options-trading-platform",301,"FalconX Unveils 24/7 OTC Crypto Options Trading Platform"
"https://blog.tradersyard.com/binance-crypto-as-a-service-platform-financial-institutions","https://tradersyard.com/blog/binance-crypto-as-a-service-platform-financial-institutions",301,"Binance Releases Innovative Crypto-as-a-Service Platform for Financial Institutions"
"https://blog.tradersyard.com/gate-perp-dex-advanced-trading-features","https://tradersyard.com/blog/gate-perp-dex-advanced-trading-features",301,"Gate Announces Launch of Gate Perp DEX with Advanced Trading Features"
"https://blog.tradersyard.com/trading-profit-calculator","https://tradersyard.com/blog/trading-profit-calculator",301,"Trading Profit Calculator"
"https://blog.tradersyard.com/prop-trading-firms-beginners","https://tradersyard.com/blog/prop-trading-firms-beginners",301,"7 Best Prop Trading Firms for Beginners in 2025"
"https://blog.tradersyard.com/why-your-trading-strategy-fails-and-the-5-step-fix-every-pro-uses-z3l7z","https://tradersyard.com/blog/why-your-trading-strategy-fails-and-the-5-step-fix-every-pro-uses-z3l7z",301,"Why Your Trading Strategy Fails (And the 5-Step Fix Every Pro Uses)"
"https://blog.tradersyard.com/five-pro-moves-to-help-you-join-the-top-10-of-investors","https://tradersyard.com/blog/five-pro-moves-to-help-you-join-the-top-10-of-investors",301,"Five Pro Moves to Help You Join the Top 10% of Investors"
"https://blog.tradersyard.com/how-to-analyze-a-stock-in-just-two-hours-a-practical-guide-for-tradersyard-members","https://tradersyard.com/blog/how-to-analyze-a-stock-in-just-two-hours-a-practical-guide-for-tradersyard-members",301,"How to Analyze a Stock in Just Two Hours: A Practical Guide for TradersYard Members"
"https://blog.tradersyard.com/interview-with-moss-from-struggles-to-success-in-the-crypto-cup","https://tradersyard.com/blog/interview-with-moss-from-struggles-to-success-in-the-crypto-cup",301,"Interview with Moss: From Struggles to Success in the Crypto Cup"
"https://blog.tradersyard.com/steve-henris-claims-victory-in-the-forex-grand-prix","https://tradersyard.com/blog/steve-henris-claims-victory-in-the-forex-grand-prix",301,"Steve Henris Claims Victory in the Forex Grand Prix"
"https://blog.tradersyard.com/prop-trading-myths-busted-what-you-really-need-to-know","https://tradersyard.com/blog/prop-trading-myths-busted-what-you-really-need-to-know",301,"Prop Trading Myths Busted: What You Really Need to Know"
"https://blog.tradersyard.com/top-7-skills-every-successful-prop-trader-must-master","https://tradersyard.com/blog/top-7-skills-every-successful-prop-trader-must-master",301,"Top 7 Skills Every Successful Prop Trader Must Master"
"https://blog.tradersyard.com/why-prop-trading-is-better-than-trading-with-your-own-money","https://tradersyard.com/blog/why-prop-trading-is-better-than-trading-with-your-own-money",301,"Why Prop Trading Is Better Than Trading with Your Own Money"
"https://blog.tradersyard.com/from-chart-mastery-to-iphone-victory-ritik-dominates-the-iphone-hunt-tournament","https://tradersyard.com/blog/from-chart-mastery-to-iphone-victory-ritik-dominates-the-iphone-hunt-tournament",301,"From Chart Mastery to iPhone Victory: Ritik Dominates the iPhone Hunt Tournament"
"https://blog.tradersyard.com/the-power-of-collaboration-in-trading","https://tradersyard.com/blog/the-power-of-collaboration-in-trading",301,"The Power of Collaboration in Trading"
"https://blog.tradersyard.com/crafting-effective-trading-strategies","https://tradersyard.com/blog/crafting-effective-trading-strategies",301,"Crafting Effective Trading Strategies"
"https://blog.tradersyard.com/tradersyard-community","https://tradersyard.com/blog/tradersyard-community",301,"Building a Trading Community with TradersYard"
"https://blog.tradersyard.com/tradersyard-education","https://tradersyard.com/blog/tradersyard-education",301,"Learning to Trade with TradersYard"
"https://blog.tradersyard.com/empowering-traders-with-social-trading","https://tradersyard.com/blog/empowering-traders-with-social-trading",301,"Empowering Traders with Social Trading"
"https://blog.tradersyard.com","https://tradersyard.com/blog",301,"Blog homepage"
"https://blog.tradersyard.com/blog","https://tradersyard.com/blog",301,"Blog archive"
